<ImportExportXml xmlns:xsi="http://www.w3.org/2001/XMLSchema-instance">
  <Entities>
    <Entity>
      <Name LocalizedName="Account" OriginalName="">Account</Name>
      <EntityInfo>
        <entity Name="Account" unmodified="1">
          <attributes />
        </entity>
      </EntityInfo>
      <RibbonDiffXml>
        <CustomActions />
        <Templates>
          <RibbonTemplates Id="Mscrm.Templates"></RibbonTemplates>
        </Templates>
        <CommandDefinitions />
        <RuleDefinitions>
          <TabDisplayRules />
          <DisplayRules />
          <EnableRules />
        </RuleDefinitions>
        <LocLabels />
      </RibbonDiffXml>
    </Entity>
  </Entities>
  <Roles></Roles>
  <Workflows>
    <Workflow WorkflowId="{837a0ebf-adb6-ec11-983f-0022482bf535}" Name="Create task on update of contact">
      <JsonFileName>/Workflows/Createtaskonupdateofcontact-837A0EBF-ADB6-EC11-983F-0022482BF535.json</JsonFileName>
      <Type>1</Type>
      <Subprocess>0</Subprocess>
      <Category>5</Category>
      <Mode>0</Mode>
      <Scope>4</Scope>
      <OnDemand>0</OnDemand>
      <TriggerOnCreate>0</TriggerOnCreate>
      <TriggerOnDelete>0</TriggerOnDelete>
      <AsyncAutodelete>0</AsyncAutodelete>
      <SyncWorkflowLogOnFailure>0</SyncWorkflowLogOnFailure>
      <StateCode>1</StateCode>
      <StatusCode>2</StatusCode>
      <RunAs>1</RunAs>
      <IsTransacted>1</IsTransacted>
      <IntroducedVersion>1.0.0.0</IntroducedVersion>
      <IsCustomizable>1</IsCustomizable>
      <BusinessProcessType>0</BusinessProcessType>
      <IsCustomProcessingStepAllowedForOtherPublishers>1</IsCustomProcessingStepAllowedForOtherPublishers>
      <PrimaryEntity>none</PrimaryEntity>
      <LocalizedNames>
        <LocalizedName languagecode="1033" description="Create task on update of contact" />
      </LocalizedNames>
    </Workflow>
  </Workflows>
  <FieldSecurityProfiles></FieldSecurityProfiles>
  <Templates />
  <EntityMaps />
  <EntityRelationships />
  <OrganizationSettings />
  <optionsets />
  <CustomControls />
  <AppModules>
    <AppModule>
      <UniqueName>Customerservicehub</UniqueName>
      <IntroducedVersion>9.0.0.0</IntroducedVersion>
      <WebResourceId>21aa1d8b-2c55-e711-80f0-000d3aa2b1c4</WebResourceId>
      <OptimizedFor></OptimizedFor>
      <statecode>0</statecode>
      <statuscode>1</statuscode>
      <FormFactor>1</FormFactor>
      <ClientType>4</ClientType>
      <NavigationType>0</NavigationType>
      <AppModuleComponents>
        <AppModuleComponent type="1" schemaName="msdyn_unifiedroutingrun" />
        <AppModuleComponent type="26" id="{2a600798-8762-eb11-a812-000d3a5475f7}" />
        <AppModuleComponent type="26" id="{4474ee26-3709-ed11-b83f-0022482aea7b}" />
        <AppModuleComponent type="60" id="{16a37fb7-9c8e-4f3b-b72d-470ca4a09bd2}" />
        <AppModuleComponent type="1" schemaName="msdyn_swarm" />
        <AppModuleComponent type="26" id="{ce3410ff-5f24-460e-bc28-33893f5df27f}" />
        <AppModuleComponent type="26" id="{5e551bb5-117f-ec11-8d20-0022480c42fd}" />
        <AppModuleComponent type="26" id="{9e2f290a-e1c8-4c71-9a67-fe6b98b36a88}" />
        <AppModuleComponent type="26" id="{214bc6ac-d27f-ec11-8d20-0022480c42fd}" />
        <AppModuleComponent type="26" id="{c4dd54d3-6b9d-4819-81df-c82f0263f838}" />
        <AppModuleComponent type="26" id="{f4a46971-a1b8-4ec3-9f9e-30740bc8c8e2}" />
        <AppModuleComponent type="26" id="{792d601c-9320-493e-aa56-852b42d2935f}" />
        <AppModuleComponent type="26" id="{f885ad3d-1b7f-ec11-8d20-0022480c42fd}" />
        <AppModuleComponent type="26" id="{23e865fb-1a7f-ec11-8d20-0022480c42fd}" />
        <AppModuleComponent type="60" id="{b864afd8-d593-42d2-a93d-36228d497055}" />
        <AppModuleComponent type="60" id="{1898d587-4b84-ec11-8d21-0022481c0d29}" />
        <AppModuleComponent type="26" id="{6fcff708-36a4-4091-b94a-fe4ce63e36b7}" />
        <AppModuleComponent type="26" id="{cd29dd53-ffaf-ea11-a812-000d3a8ab15e}" />
        <AppModuleComponent type="26" id="{4b856c35-ed13-4cc5-bc1d-2e81934806cc}" />
        <AppModuleComponent type="1" schemaName="msdyn_datainsightsandanalyticsfeature" />
        <AppModuleComponent type="1" schemaName="msdyn_dataanalyticsreport_csrmanager" />
        <AppModuleComponent type="26" id="{3a863a4d-3843-483d-a221-8357471ef73b}" />
        <AppModuleComponent type="26" id="{42169494-69ed-488f-984b-e5d5faf73efa}" />
        <AppModuleComponent type="26" id="{70fb13db-6208-4b0d-afb1-90ae62cd628d}" />
        <AppModuleComponent type="60" id="{57220268-843b-e511-80d1-00155db10d2b}" />
        <AppModuleComponent type="60" id="{a104b835-9f3b-e511-80d1-00155db10d2b}" />
        <AppModuleComponent type="60" id="{acddedde-9140-4130-a1c1-96a5c6867a9f}" />
        <AppModuleComponent type="60" id="{d201a642-6283-4f1d-81b7-da4b1685e698}" />
        <AppModuleComponent type="1" schemaName="msdyn_productivityagentscript" />
        <AppModuleComponent type="1" schemaName="msdyn_applicationtabtemplate" />
        <AppModuleComponent type="1" schemaName="msdyn_notificationtemplate" />
        <AppModuleComponent type="1" schemaName="workflow" />
        <AppModuleComponent type="1" schemaName="msdyn_sessiontemplate" />
        <AppModuleComponent type="1" schemaName="msdyn_productivityagentscriptstep" />
        <AppModuleComponent type="1" schemaName="msdyn_iotalert" />
        <AppModuleComponent type="1" schemaName="msdyn_iotdevice" />
        <AppModuleComponent type="1" schemaName="msdyn_iotdevicecategory" />
        <AppModuleComponent type="1" schemaName="msdyn_iotdevicecommand" />
        <AppModuleComponent type="1" schemaName="msdyn_iotdevicecommanddefinition" />
        <AppModuleComponent type="1" schemaName="msdyn_iotdevicedatahistory" />
        <AppModuleComponent type="1" schemaName="msdyn_iotdeviceproperty" />
        <AppModuleComponent type="1" schemaName="msdyn_iotdeviceregistrationhistory" />
        <AppModuleComponent type="1" schemaName="msdyn_iotpropertydefinition" />
        <AppModuleComponent type="1" schemaName="msdyn_iotsettings" />
        <AppModuleComponent type="1" schemaName="msdyn_iottocaseprocess" />
        <AppModuleComponent type="1" schemaName="msdyn_customerasset" />
        <AppModuleComponent type="26" id="{0d671846-601a-43fb-ad96-d4563022bfb7}" />
        <AppModuleComponent type="26" id="{8aa1e7c2-1514-ea11-a81f-000d3ac3e048}" />
        <AppModuleComponent type="26" id="{288bede2-1714-ea11-a81f-000d3ac3e048}" />
        <AppModuleComponent type="26" id="{7d8db35b-4c16-41cf-845f-5ac383dad1ec}" />
        <AppModuleComponent type="26" id="{85d8bcc6-f396-41c4-94f8-24b4a9970632}" />
        <AppModuleComponent type="26" id="{1c53b91a-1914-ea11-a81f-000d3ac3e048}" />
        <AppModuleComponent type="26" id="{b7583a33-abc2-43fd-87cd-2d8eeaa9efad}" />
        <AppModuleComponent type="26" id="{718410e5-6a96-4d6e-9a7c-781265eedfb9}" />
        <AppModuleComponent type="26" id="{6ecb03a4-acda-44ae-83e3-c60ba8338dbb}" />
        <AppModuleComponent type="26" id="{6da9a965-1899-471c-9478-915527225a92}" />
        <AppModuleComponent type="29" id="{006c4c42-2abe-4b61-9149-56df5b9625f9}" />
        <AppModuleComponent type="60" id="{351c4635-47a7-e911-8199-000d3af92e18}" />
        <AppModuleComponent type="60" id="{dde8984c-b2fe-40ee-a248-c74d6ecc736d}" />
        <AppModuleComponent type="1" schemaName="convertrule" />
        <AppModuleComponent type="1" schemaName="convertruleitem" />
        <AppModuleComponent type="1" schemaName="activitymonitor" />
        <AppModuleComponent type="60" id="{2c8955c5-133b-423f-bb72-01880111bbfd}" />
        <AppModuleComponent type="60" id="{95ab3b9c-f36f-457a-8879-71c74472eeee}" />
        <AppModuleComponent type="60" id="{c7c80abf-a354-4c24-a468-81c54dace49f}" />
        <AppModuleComponent type="26" id="{4c282407-113e-ea11-a81c-000d3a6e0dee}" />
        <AppModuleComponent type="26" id="{54097fb3-213e-ea11-a81c-000d3a6e0dee}" />
        <AppModuleComponent type="26" id="{a00557de-213e-ea11-a81c-000d3a6e0dee}" />
        <AppModuleComponent type="26" id="{2a9487b4-8684-4962-bd8d-04472ba737d7}" />
        <AppModuleComponent type="26" id="{df26b01b-5a5c-41bc-be01-08dee57f6d06}" />
        <AppModuleComponent type="1" schemaName="sla" />
        <AppModuleComponent type="1" schemaName="msdyn_slakpi" />
        <AppModuleComponent type="1" schemaName="incidentresolution" />
        <AppModuleComponent type="60" id="{74d16ac1-ff56-46ac-a0ae-1102197649c3}" />
        <AppModuleComponent type="60" id="{9f50f1f6-8131-46e7-8ba1-e42403a51119}" />
        <AppModuleComponent type="60" id="{63769d04-c74f-4808-b0aa-77339e1b9191}" />
        <AppModuleComponent type="60" id="{0d1e47ff-12b2-4f53-9090-bee951b98cb4}" />
        <AppModuleComponent type="1" schemaName="queue" />
        <AppModuleComponent type="60" id="{6ed25386-e3ec-4e2b-bc5e-6a2a7803c8f3}" />
        <AppModuleComponent type="1" schemaName="routingrule" />
        <AppModuleComponent type="1" schemaName="site" />
        <AppModuleComponent type="1" schemaName="equipment" />
        <AppModuleComponent type="1" schemaName="constraintbasedgroup" />
        <AppModuleComponent type="1" schemaName="service" />
        <AppModuleComponent type="1" schemaName="serviceappointment" />
        <AppModuleComponent type="1" schemaName="template" />
        <AppModuleComponent type="60" id="{87dd6639-ef6a-4780-b454-6177eb7b3d6d}" />
        <AppModuleComponent type="1" schemaName="emailsignature" />
        <AppModuleComponent type="60" id="{b8d69ef4-f109-482d-a933-f45b18231df3}" />
        <AppModuleComponent type="1" schemaName="team" />
        <AppModuleComponent type="62" schemaName="Customerservicehub" />
        <AppModuleComponent type="29" id="{bcd43793-5686-4fd4-b3b4-c0c26d6f7e40}" />
        <AppModuleComponent type="29" id="{ab81c1af-1a45-48d9-8133-3edc033dbeef}" />
        <AppModuleComponent type="29" id="{0ffbcde4-61c1-4355-aa89-aa1d7b2b8792}" />
        <AppModuleComponent type="29" id="{bd57803e-0408-44d6-b21d-ae7158ec6555}" />
        <AppModuleComponent type="60" id="{65e050d3-8b71-4b53-acb5-bb9af83bf384}" />
        <AppModuleComponent type="60" id="{4e76815a-1f63-df11-ae90-00155d2e3002}" />
        <AppModuleComponent type="60" id="{acb40ffe-a1e0-47d0-a472-799911009df6}" />
        <AppModuleComponent type="60" id="{6e00802f-8c73-df11-986c-00155d2e3002}" />
        <AppModuleComponent type="60" id="{063e7659-05d9-4030-960d-10fe269a5a8b}" />
        <AppModuleComponent type="1" schemaName="account" />
        <AppModuleComponent type="60" id="{a72c7955-442b-4ea4-9499-b10cd18b4256}" />
        <AppModuleComponent type="1" schemaName="activitypointer" />
        <AppModuleComponent type="1" schemaName="appointment" />
        <AppModuleComponent type="60" id="{230cd27c-0ce0-4b52-9fe5-d7a5ed94ba4e}" />
        <AppModuleComponent type="1" schemaName="activitymimeattachment" />
        <AppModuleComponent type="1" schemaName="incident" />
        <AppModuleComponent type="60" id="{915f6055-2e07-4276-ae08-2b96c8d02c57}" />
        <AppModuleComponent type="1" schemaName="contact" />
        <AppModuleComponent type="60" id="{cc760212-3eab-4009-b5c3-ea9cf6f3e141}" />
        <AppModuleComponent type="1" schemaName="email" />
        <AppModuleComponent type="60" id="{1d5ad078-3edb-4edc-98c6-c0c21e3125e3}" />
        <AppModuleComponent type="1" schemaName="entitlement" />
        <AppModuleComponent type="1" schemaName="expiredprocess" />
        <AppModuleComponent type="1" schemaName="knowledgearticle" />
        <AppModuleComponent type="60" id="{f7502aaf-4874-49fc-868d-cc201c6c4453}" />
        <AppModuleComponent type="1" schemaName="knowledgebaserecord" />
        <AppModuleComponent type="1" schemaName="newprocess" />
        <AppModuleComponent type="1" schemaName="phonecall" />
        <AppModuleComponent type="60" id="{cdc622ea-2a17-4cc3-9605-44564d56cea7}" />
        <AppModuleComponent type="1" schemaName="phonetocaseprocess" />
        <AppModuleComponent type="1" schemaName="queueitem" />
        <AppModuleComponent type="1" schemaName="socialactivity" />
        <AppModuleComponent type="60" id="{ed66d7d6-2234-4e82-b73e-e711e796919d}" />
        <AppModuleComponent type="1" schemaName="socialprofile" />
        <AppModuleComponent type="60" id="{a0ea0f71-dc25-47b6-8cc9-9ef8144ae424}" />
        <AppModuleComponent type="1" schemaName="task" />
        <AppModuleComponent type="60" id="{d5b4a1b2-de4f-4f86-8768-b0730001e7d1}" />
        <AppModuleComponent type="1" schemaName="translationprocess" />
        <AppModuleComponent type="1" schemaName="category" />
        <AppModuleComponent type="1" schemaName="feedback" />
        <AppModuleComponent type="1" schemaName="knowledgearticleincident" />
        <AppModuleComponent type="60" id="{5e4e7214-a56d-4152-ac51-1a89e463eff4}" />
        <AppModuleComponent type="1" schemaName="msdyn_dataanalyticsreport_forecast" />
        <AppModuleComponent type="26" id="{68837700-4efe-4fdd-9ac5-197e224caba7}" />
        <AppModuleComponent type="60" id="{a6d9e075-5993-4a1b-b003-4a8d091c5d8b}" />
      </AppModuleComponents>
      <AppModuleRoleMaps>
        <Role id="{3dac4d9e-568c-e611-80d4-00155d42a122}" />
        <Role id="{e8fb3146-7717-ec11-b1b7-000d3af68e17}" />
        <Role id="{627090ff-40a3-4053-8790-584edc5be201}" />
        <Role id="{119f245c-3cc8-4b62-b31c-d1a046ced15d}" />
      </AppModuleRoleMaps>
      <LocalizedNames>
        <LocalizedName description="Customer Service Hub" languagecode="1033" />
      </LocalizedNames>
      <Descriptions>
        <Description description="A focused, interactive experience for managing your customer service." languagecode="1033" />
      </Descriptions>
      <appsettings>
        <appsetting settingdefinitionid.uniquename="msdynce_enableenhanceemailtemplateeditor">
          <iscustomizable>1</iscustomizable>
          <value>true</value>
        </appsetting>
      </appsettings>
    </AppModule>
  </AppModules>
  <EntityDataProviders />
  <CanvasApps>
    <CanvasApp>
      <Name>ins_insuranceapp_8ffce</Name>
      <AppVersion>2023-07-18T14:32:39Z</AppVersion>
      <Status>Ready</Status>
      <CreatedByClientVersion>3.23071.11.0</CreatedByClientVersion>
      <MinClientVersion>3.23071.11.0</MinClientVersion>
      <Tags>{"primaryDeviceWidth":"1366","primaryDeviceHeight":"768","supportsPortrait":"true","supportsLandscape":"true","primaryFormFactor":"Tablet","publisherVersion":"3.23071.11","minimumRequiredApiVersion":"2.2.0","hasComponent":"false","hasUnlockedComponent":"false","isUnifiedRootApp":"false"}</Tags>
      <IsCdsUpgraded>0</IsCdsUpgraded>
      <GalleryItemId xsi:nil="true"></GalleryItemId>
      <BackgroundColor>RGBA(0,176,240,1)</BackgroundColor>
      <DisplayName>insurance app</DisplayName>
      <Description xsi:nil="true"></Description>
      <CommitMessage xsi:nil="true"></CommitMessage>
      <Publisher xsi:nil="true"></Publisher>
      <AuthorizationReferences>[]</AuthorizationReferences>
      <ConnectionReferences>{}</ConnectionReferences>
      <DatabaseReferences>{"default.cds":{"databaseDetails":{"referenceType":"NotSpecified","environmentName":"default.cds","overrideValues":{"status":"NotSpecified"}},"dataSources":{"Contacts":{"entitySetName":"contacts","logicalName":"contact"}}}}</DatabaseReferences>
      <AppComponents>[]</AppComponents>
      <AppComponentDependencies>[]</AppComponentDependencies>
      <CanConsumeAppPass>1</CanConsumeAppPass>
      <CanvasAppType>0</CanvasAppType>
      <BypassConsent>0</BypassConsent>
      <AdminControlBypassConsent>0</AdminControlBypassConsent>
      <EmbeddedApp xsi:nil="true"></EmbeddedApp>
      <IntroducedVersion>1.0</IntroducedVersion>
      <CdsDependencies>{"cdsdependencies":[{"logicalname":"contact","componenttype":1}]}</CdsDependencies>
      <IsCustomizable>1</IsCustomizable>
      <BackgroundImageUri>/CanvasApps/ins_insuranceapp_8ffce_BackgroundImageUri</BackgroundImageUri>
      <DocumentUri>/CanvasApps/ins_insuranceapp_8ffce_DocumentUri.msapp</DocumentUri>
    </CanvasApp>
  </CanvasApps>
  <connectionreferences>
    <connectionreference connectionreferencelogicalname="msdyn_Dataverse"></connectionreference>
  </connectionreferences>
  <Languages>
    <Language>1033</Language>
  </Languages>
</ImportExportXml>