<ImportExportXml version="9.2.23061.194" SolutionPackageVersion="9.2" languagecode="1033" generatedBy="CrmLive" xmlns:xsi="http://www.w3.org/2001/XMLSchema-instance">
  <SolutionManifest>
    <UniqueName>insurance_demo</UniqueName>
    <LocalizedNames>
      <LocalizedName description="insurance_demo" languagecode="1033" />
    </LocalizedNames>
    <Descriptions />
    <Version>1.0.0.0</Version>
    <Managed>0</Managed>
    <Publisher>
      <UniqueName>Insurance</UniqueName>
      <LocalizedNames>
        <LocalizedName description="Insurance" languagecode="1033" />
      </LocalizedNames>
      <Descriptions />
      <EMailAddress xsi:nil="true"></EMailAddress>
      <SupportingWebsiteUrl xsi:nil="true"></SupportingWebsiteUrl>
      <CustomizationPrefix>ins</CustomizationPrefix>
      <CustomizationOptionValuePrefix>82654</CustomizationOptionValuePrefix>
      <Addresses>
        <Address>
          <AddressNumber>1</AddressNumber>
          <AddressTypeCode>1</AddressTypeCode>
          <City xsi:nil="true"></City>
          <County xsi:nil="true"></County>
          <Country xsi:nil="true"></Country>
          <Fax xsi:nil="true"></Fax>
          <FreightTermsCode xsi:nil="true"></FreightTermsCode>
          <ImportSequenceNumber xsi:nil="true"></ImportSequenceNumber>
          <Latitude xsi:nil="true"></Latitude>
          <Line1 xsi:nil="true"></Line1>
          <Line2 xsi:nil="true"></Line2>
          <Line3 xsi:nil="true"></Line3>
          <Longitude xsi:nil="true"></Longitude>
          <Name xsi:nil="true"></Name>
          <PostalCode xsi:nil="true"></PostalCode>
          <PostOfficeBox xsi:nil="true"></PostOfficeBox>
          <PrimaryContactName xsi:nil="true"></PrimaryContactName>
          <ShippingMethodCode>1</ShippingMethodCode>
          <StateOrProvince xsi:nil="true"></StateOrProvince>
          <Telephone1 xsi:nil="true"></Telephone1>
          <Telephone2 xsi:nil="true"></Telephone2>
          <Telephone3 xsi:nil="true"></Telephone3>
          <TimeZoneRuleVersionNumber xsi:nil="true"></TimeZoneRuleVersionNumber>
          <UPSZone xsi:nil="true"></UPSZone>
          <UTCOffset xsi:nil="true"></UTCOffset>
          <UTCConversionTimeZoneCode xsi:nil="true"></UTCConversionTimeZoneCode>
        </Address>
        <Address>
          <AddressNumber>2</AddressNumber>
          <AddressTypeCode>1</AddressTypeCode>
          <City xsi:nil="true"></City>
          <County xsi:nil="true"></County>
          <Country xsi:nil="true"></Country>
          <Fax xsi:nil="true"></Fax>
          <FreightTermsCode xsi:nil="true"></FreightTermsCode>
          <ImportSequenceNumber xsi:nil="true"></ImportSequenceNumber>
          <Latitude xsi:nil="true"></Latitude>
          <Line1 xsi:nil="true"></Line1>
          <Line2 xsi:nil="true"></Line2>
          <Line3 xsi:nil="true"></Line3>
          <Longitude xsi:nil="true"></Longitude>
          <Name xsi:nil="true"></Name>
          <PostalCode xsi:nil="true"></PostalCode>
          <PostOfficeBox xsi:nil="true"></PostOfficeBox>
          <PrimaryContactName xsi:nil="true"></PrimaryContactName>
          <ShippingMethodCode>1</ShippingMethodCode>
          <StateOrProvince xsi:nil="true"></StateOrProvince>
          <Telephone1 xsi:nil="true"></Telephone1>
          <Telephone2 xsi:nil="true"></Telephone2>
          <Telephone3 xsi:nil="true"></Telephone3>
          <TimeZoneRuleVersionNumber xsi:nil="true"></TimeZoneRuleVersionNumber>
          <UPSZone xsi:nil="true"></UPSZone>
          <UTCOffset xsi:nil="true"></UTCOffset>
          <UTCConversionTimeZoneCode xsi:nil="true"></UTCConversionTimeZoneCode>
        </Address>
      </Addresses>
    </Publisher>
    <RootComponents>
      <RootComponent type="1" schemaName="account" behavior="2" />
      <RootComponent type="29" id="{837a0ebf-adb6-ec11-983f-0022482bf535}" behavior="0" />
      <RootComponent type="80" schemaName="Customerservicehub" behavior="0" />
      <RootComponent type="300" schemaName="ins_insuranceapp_8ffce" behavior="0" />
    </RootComponents>
    <MissingDependencies>
      <MissingDependency>
        <Required type="80" schemaName="Customerservicehub" displayName="Customer Service Hub" solution="msdynce_Customerservicehub (9.0.5.0056)">
          <package>msdynce_ServiceAnchor (9.0.23062.1005)</package>
        </Required>
        <Dependent type="80" schemaName="Customerservicehub" displayName="Customer Service Hub" />
      </MissingDependency>
      <MissingDependency>
        <Required type="80" schemaName="Customerservicehub" displayName="Customer Service Hub" solution="msdynce_Customerservicehub (9.0.5.0056)">
          <package>msdynce_ServiceAnchor (9.0.23062.1005)</package>
        </Required>
        <Dependent type="AppSetting" displayName="parentappmoduleid.uniquename=Customerservicehub,settingdefinitionid.uniquename=msdynce_enableenhanceemailtemplateeditor" id.parentappmoduleid.uniquename="Customerservicehub" id.settingdefinitionid.uniquename="msdynce_enableenhanceemailtemplateeditor" />
      </MissingDependency>
      <MissingDependency>
        <Required type="connectionreference" displayName="msdyn_Dataverse" solution="msdynce_KnowledgeManagementPVAExtension (9.0.22101.5016)" id.connectionreferencelogicalname="msdyn_Dataverse">
          <package>msdynce_KnowledgeManagementAnchor (9.0.23061.5019)</package>
        </Required>
        <Dependent type="connectionreference" displayName="msdyn_Dataverse" id.connectionreferencelogicalname="msdyn_Dataverse" />
      </MissingDependency>
      <MissingDependency>
        <Required type="connectionreference" displayName="new_sharedcommondataserviceforapps_031f9" solution="Active" id.connectionreferencelogicalname="new_sharedcommondataserviceforapps_031f9" />
        <Dependent type="29" displayName="Create task on update of contact" id="{837a0ebf-adb6-ec11-983f-0022482bf535}" />
      </MissingDependency>
      <MissingDependency>
        <Required type="SettingDefinition" displayName="msdynce_enableenhanceemailtemplateeditor" solution="msdynce_EmailTemplateConfigSolution (9.0.23053.1017)" id.uniquename="msdynce_enableenhanceemailtemplateeditor">
          <package>msdyn_ServiceExtendedAnchor (9.0.23053.1017)</package>
        </Required>
        <Dependent type="AppSetting" displayName="parentappmoduleid.uniquename=Customerservicehub,settingdefinitionid.uniquename=msdynce_enableenhanceemailtemplateeditor" id.parentappmoduleid.uniquename="Customerservicehub" id.settingdefinitionid.uniquename="msdynce_enableenhanceemailtemplateeditor" />
      </MissingDependency>
    </MissingDependencies>
  </SolutionManifest>
</ImportExportXml>